date,link,cost_parsed_USD,cost_parsed_RMB,extrapolated
2011-01-14 13:55 ,https://www.energytrend.com/pricequotes/20110114-923.html,69.5,,
2011-01-20 16:21 ,https://www.energytrend.com/pricequotes/20110120-947.html,69.5,,
2011-01-26 18:12 ,https://www.energytrend.com/pricequotes/20110126-969.html,69,,
2011-02-02 21:55 ,https://www.energytrend.com/pricequotes/20110202-992.html,70,,
2011-02-10 18:04 ,https://www.energytrend.com/pricequotes/20110210-1014.html,70,,
2011-02-18 15:13 ,https://www.energytrend.com/pricequotes/20110218-1047.html,75,,
2011-02-24 17:07 ,https://www.energytrend.com/pricequotes/20110224-1079.html,74.6,,
2011-03-04 9:12 ,https://www.energytrend.com/pricequotes/20110304-1140.html,74.6,,
2011-03-10 10:31 ,https://www.energytrend.com/pricequotes/20110310-1141.html,78.1,,
2011-03-17 13:20 ,https://www.energytrend.com/pricequotes/20110317-1175.html,78.5,,
2011-03-23 19:02 ,https://www.energytrend.com/pricequotes/20110323-1203.html,85.2,,
2011-03-31 9:31 ,https://www.energytrend.com/pricequotes/20110331-1236.html,85.8,,
2011-04-06 18:28 ,https://www.energytrend.com/pricequotes/20110406-1255.html,82.7,,
2011-04-13 19:07 ,https://www.energytrend.com/pricequotes/20110413-1282.html,79,,
2011-04-19 18:47 ,https://www.energytrend.com/pricequotes/20110419-1311.html,78,,
2011-04-20 18:01 ,https://www.energytrend.com/pricequotes/20110420-1316.html,77.13,,
2011-04-27 17:20 ,https://www.energytrend.com/pricequotes/20110427-1476.html,75.25,,
2011-05-04 18:03 ,https://www.energytrend.com/pricequotes/20110504-1359.html,73.275,,
2011-05-11 18:43 ,https://www.energytrend.com/pricequotes/20110511-1379.html,72.725,,
2011-05-18 19:27 ,https://www.energytrend.com/pricequotes/20110518-1401.html,67.45,,
2011-05-25 17:41 ,https://www.energytrend.com/pricequotes/20110525-1438.html,58.875,,
2011-06-01 18:13 ,https://www.energytrend.com/pricequotes/20110601-1468.html,57.5,,
2011-06-08 18:35 ,https://www.energytrend.com/pricequotes/20110608-1502.html,55.14,,
2011-06-16 10:57 ,https://www.energytrend.com/pricequotes/20110616-1536.html,52.28,,
2011-06-22 17:37 ,https://www.energytrend.com/pricequotes/20110622-1566.html,47,,
2011-06-30 10:20 ,https://www.energytrend.com/pricequotes/20110630-1597.html,49,,
2011-07-07 10:44 ,https://www.energytrend.com/pricequotes/20110707-1633.html,50,,
2011-07-13 18:30 ,https://www.energytrend.com/pricequotes/20110713-1677.html,53.73,,
2011-07-21 9:43 ,https://www.energytrend.com/pricequotes/20110721-1712.html,53,,
2011-07-27 19:44 ,https://www.energytrend.com/pricequotes/20110727-1743.html,none,,
2011-08-03 18:29 ,https://www.energytrend.com/pricequotes/20110803-1775.html,none,,
2011-08-11 17:27 ,https://www.energytrend.com/pricequotes/20110811-1817.html,52.55,,
2011-08-17 22:20 ,https://www.energytrend.com/pricequotes/20110817-1849.html,51.51,,
2011-08-25 8:38 ,https://www.energytrend.com/pricequotes/20110825-1891.html,50,,
2011-08-31 18:20 ,https://www.energytrend.com/pricequotes/20110831-1926.html,50,,
2011-09-07 18:00 ,https://www.energytrend.com/pricequotes/20110907-1973.html,none,,
2011-09-14 18:20 ,https://www.energytrend.com/pricequotes/20110914-2014.html,none,,
2011-09-21 18:05 ,https://www.energytrend.com/pricequotes/20110921-2050.html,none,,
2011-09-28 18:30 ,https://www.energytrend.com/pricequotes/20110928-2100.html,40,,
2011-10-05 18:05 ,https://www.energytrend.com/pricequotes/20111005-2148.html,none,,
2011-10-12 18:08 ,https://www.energytrend.com/pricequotes/20111012-2203.html,none,,
2011-10-20 8:56 ,https://www.energytrend.com/pricequotes/20111020-2276.html,35,,extrapolated
2011-10-26 18:04 ,https://www.energytrend.com/pricequotes/20111026-2328.html,none,,
2011-11-03 15:24 ,https://www.energytrend.com/pricequotes/20111103-2372.html,none,,
2011-11-10 14:57 ,https://www.energytrend.com/pricequotes/20111110-2434.html,30.1,,
2011-11-16 19:10 ,https://www.energytrend.com/pricequotes/20111116-2471.html,30,,
2011-11-23 18:57 ,https://www.energytrend.com/pricequotes/20111123-2521.html,none,,
2011-11-28 18:29 ,https://www.energytrend.com/pricequotes/20111128-2544.html,none,,
2011-12-01 11:53 ,https://www.energytrend.com/pricequotes/20111201-2578.html,none,,
2011-12-08 10:08 ,https://www.energytrend.com/pricequotes/20111208-2629.html,none,,
2011-12-15 10:01 ,https://www.energytrend.com/pricequotes/20111215-2682.html,none,,
2011-12-22 16:34 ,https://www.energytrend.com/pricequotes/20111222-2735.html,none,,
2011-12-29 11:10 ,https://www.energytrend.com/pricequotes/20111229-2767.html,30,,
2012-01-03 16:12 ,https://www.energytrend.com/pricequotes/20120103-2793.html,none,,
2012-01-06 9:11 ,https://www.energytrend.com/pricequotes/20120106-2811.html,27,,
2012-01-12 11:19 ,https://www.energytrend.com/pricequotes/20120112-2848.html,28,,
2012-01-19 17:05 ,https://www.energytrend.com/pricequotes/20120119-2901.html,none,,
2012-02-03 11:09 ,https://www.energytrend.com/pricequotes/20120203-2957.html,none,,
2012-02-06 17:52 ,https://www.energytrend.com/pricequotes/20120206-2975.html,none,,
2012-02-09 10:15 ,https://www.energytrend.com/pricequotes/20120209-2995.html,26,,extrapolated
2012-02-17 17:47 ,https://www.energytrend.com/pricequotes/20120217-3060.html,none,,
2012-02-22 18:38 ,https://www.energytrend.com/pricequotes/20120222-3084.html,none,,
2012-02-29 18:40 ,https://www.energytrend.com/pricequotes/20120229-3131.html,none,,
2012-03-08 10:09 ,https://www.energytrend.com/pricequotes/20120308-3177.html,25,,
2012-03-15 10:53 ,https://www.energytrend.com/pricequotes/20120315-3223.html,26.86,,
2012-03-21 18:21 ,https://www.energytrend.com/pricequotes/20120321-3266.html,none,,
2012-03-29 10:46 ,https://www.energytrend.com/pricequotes/20120329-3300.html,none,,
2012-04-05 18:43 ,https://www.energytrend.com/pricequotes/20120405-3340.html,none,,
2012-04-10 11:20 ,https://www.energytrend.com/pricequotes/20120410-3360.html,none,,
2012-04-12 10:26 ,https://www.energytrend.com/pricequotes/20120412-3375.html,none,,
2012-04-19 14:42 ,https://www.energytrend.com/pricequotes/20120419-3422.html,none,,
2012-04-30 12:55 ,https://www.energytrend.com/pricequotes/20120430-3482.html,23,,
2012-05-03 11:43 ,https://www.energytrend.com/pricequotes/20120503-3497.html,none,,
2012-05-10 10:31 ,https://www.energytrend.com/pricequotes/20120510-3541.html,none,,
2012-05-17 17:53 ,https://www.energytrend.com/pricequotes/20120517-3592.html,none,,
2012-05-18 18:03 ,https://www.energytrend.com/pricequotes/20120518-3602.html,none,,
2012-05-23 18:14 ,https://www.energytrend.com/pricequotes/20120523-3624.html,22.175,,
2012-05-24 17:11 ,https://www.energytrend.com/pricequotes/20120524-3633.html,none,,
2012-05-28 17:59 ,https://www.energytrend.com/pricequotes/20120528-3650.html,none,,
2012-06-14 11:06 ,https://www.energytrend.com/pricequotes/20120614-3746.html,22,,extrapolated
2012-06-21 10:17 ,https://www.energytrend.com/pricequotes/20120621-3787.html,none,,
2012-06-28 13:57 ,https://www.energytrend.com/pricequotes/20120628-3827.html,none,,
2012-07-05 11:45 ,https://www.energytrend.com/pricequotes/20120705-3871.html,21,,
2012-07-12 11:33 ,https://www.energytrend.com/pricequotes/20120712-3918.html,none,,
2012-07-19 10:17 ,https://www.energytrend.com/pricequotes/20120719-3952.html,20.885,,
2012-07-26 9:55 ,https://www.energytrend.com/pricequotes/20120726-3988.html,20.835,,
2012-08-03 9:49 ,https://www.energytrend.com/pricequotes/20120803-4035.html,20.665,,
2012-08-09 11:01 ,https://www.energytrend.com/pricequotes/20120809-4072.html,none,,
2012-08-16 9:57 ,https://www.energytrend.com/pricequotes/20120816-4116.html,none,,
2012-08-23 13:47 ,https://www.energytrend.com/pricequotes/20120823-4156.html,none,,
2012-08-31 9:55 ,https://www.energytrend.com/pricequotes/20120831-4199.html,none,,
2012-09-07 15:44 ,https://www.energytrend.com/pricequotes/20120907-4258.html,none,,
2012-09-07 17:55 ,https://www.energytrend.com/pricequotes/20120907-4259.html,none,,
2012-09-14 19:12 ,https://www.energytrend.com/pricequotes/20120914-4322.html,19,,extrapolated
2012-09-20 14:12 ,https://www.energytrend.com/pricequotes/20120920-4351.html,none,,
2012-10-01 10:05 ,https://www.energytrend.com/pricequotes/20121001-4414.html,18.2,,extrapolated
2012-10-04 17:09 ,https://www.energytrend.com/pricequotes/20121004-4429.html,none,,
2012-11-08 18:23 ,https://www.energytrend.com/pricequotes/20121108-4618.html,19.2,,extrapolated
2012-12-27 18:26 ,https://www.energytrend.com/pricequotes/20121227-4828.html,18,,extrapolated
2013-01-14 10:02 ,https://www.energytrend.com/pricequotes/20130114-4867.html,16.4,,
2013-02-05 16:36 ,https://www.energytrend.com/pricequotes/20130205-4926.html,17,,
2013-02-21 14:08 ,https://www.energytrend.com/pricequotes/20130221-4947.html,17,,
2013-03-06 14:25 ,https://www.energytrend.com/pricequotes/20130306-4989.html,18,,
2013-03-08 11:24 ,https://www.energytrend.com/pricequotes/20130308-4996.html,18,,
2013-03-11 14:19 ,https://www.energytrend.com/pricequotes/20130311-5003.html,18,,
2013-03-15 12:25 ,https://www.energytrend.com/pricequotes/20130315-5023.html,18,,
2013-03-25 9:22 ,https://www.energytrend.com/pricequotes/20130325-5050.html,18,,
2013-04-01 10:48 ,https://www.energytrend.com/pricequotes/20130401-5072.html,17.95,,
2013-04-08 17:42 ,https://www.energytrend.com/pricequotes/20130408-5091.html,17.95,,
2013-04-12 17:38 ,https://www.energytrend.com/pricequotes/20130412-5108.html,17,,
2013-04-19 15:07 ,https://www.energytrend.com/pricequotes/20130419-5128.html,17,,
2013-04-26 13:55 ,https://www.energytrend.com/pricequotes/20130426-5159.html,17,,
2013-05-06 17:32 ,https://www.energytrend.com/pricequotes/20130506-5180.html,16.45,,
2013-05-06 18:31 ,https://www.energytrend.com/pricequotes/20130506-5182.html,16.45,,
2013-05-12 23:37 ,https://www.energytrend.com/pricequotes/20130512-5212.html,16.45,,
2013-05-27 10:48 ,https://www.energytrend.com/pricequotes/20130527-5262.html,16.45,,
2013-06-07 12:43 ,https://www.energytrend.com/pricequotes/20130607-5290.html,16.45,,
2013-06-17 10:24 ,https://www.energytrend.com/pricequotes/20130617-5308.html,16.45,,
2013-06-24 10:44 ,https://www.energytrend.com/pricequotes/20130624-5332.html,16.45,,
2013-06-29 22:57 ,https://www.energytrend.com/pricequotes/20130629-5358.html,16.45,,
2013-07-08 10:51 ,https://www.energytrend.com/pricequotes/20130708-5384.html,16.4,,
2013-07-15 10:17 ,https://www.energytrend.com/pricequotes/20130715-5411.html,16.4,,
2013-07-20 15:46 ,https://www.energytrend.com/pricequotes/20130720-5430.html,16.4,,
2013-07-25 10:56 ,https://www.energytrend.com/pricequotes/20130725-5449.html,16.4,,
2013-08-04 10:40 ,https://www.energytrend.com/pricequotes/20130804-5481.html,16.321,,
2013-08-12 10:45 ,https://www.energytrend.com/pricequotes/20130812-5504.html,16.321,,
2013-08-19 10:49 ,https://www.energytrend.com/pricequotes/20130819-5531.html,16.321,,
2013-08-26 11:07 ,https://www.energytrend.com/pricequotes/20130826-5554.html,16.321,,
2013-09-02 11:20 ,https://www.energytrend.com/pricequotes/20130902-5572.html,16.7,,
2013-09-09 12:35 ,https://www.energytrend.com/pricequotes/20130909-5605.html,16.7,,
2013-09-14 10:10 ,https://www.energytrend.com/pricequotes/20130914-5630.html,17,,
2013-09-24 12:21 ,https://www.energytrend.com/pricequotes/20130924-5662.html,16.985,,
2013-09-27 11:19 ,https://www.energytrend.com/pricequotes/20130927-5674.html,16.975,,
2013-10-08 11:33 ,https://www.energytrend.com/pricequotes/20131008-5705.html,16.975,,
2013-10-14 11:54 ,https://www.energytrend.com/pricequotes/20131014-5728.html,16.98,,
2013-10-21 12:02 ,https://www.energytrend.com/pricequotes/20131021-5748.html,16.7,,
2013-10-28 11:42 ,https://www.energytrend.com/pricequotes/20131028-5770.html,17,,
2013-11-01 11:19 ,https://www.energytrend.com/pricequotes/20131101-5799.html,17,,
2013-11-11 10:59 ,https://www.energytrend.com/pricequotes/20131111-5812.html,17.1,,
2013-11-18 10:18 ,https://www.energytrend.com/pricequotes/20131118-5829.html,17,,
2013-11-22 13:21 ,https://www.energytrend.com/pricequotes/20131122-5852.html,16.9,,
2013-11-23 22:25 ,https://www.energytrend.com/pricequotes/20131123-5855.html,16.7,,
2013-11-28 10:09 ,https://www.energytrend.com/pricequotes/20131128-5876.html,16.8,,
2013-12-10 11:05 ,https://www.energytrend.com/pricequotes/20131210-5904.html,17,,
2013-12-15 8:37 ,https://www.energytrend.com/pricequotes/20131215-5921.html,17,,
2013-12-25 17:27 ,https://www.energytrend.com/pricequotes/20131225-5980.html,17,,
2013-12-28 9:13 ,https://www.energytrend.com/pricequotes/20131228-5991.html,17.883,,
2014-01-03 10:53 ,https://www.energytrend.com/pricequotes/20140103-6007.html,18.498,,
2014-01-10 10:58 ,https://www.energytrend.com/pricequotes/20140110-6037.html,18.498,,
2014-01-20 10:52 ,https://www.energytrend.com/pricequotes/20140120-6073.html,18.768,,
2014-01-27 11:01 ,https://www.energytrend.com/pricequotes/20140127-6114.html,19.207,,
2014-02-07 17:04 ,https://www.energytrend.com/pricequotes/20140207-6153.html,19.745,,
2014-02-17 10:04 ,https://www.energytrend.com/pricequotes/20140217-6201.html,none,,
2014-02-24 13:45 ,https://www.energytrend.com/pricequotes/20140224-6250.html,19.856,,
2014-03-03 14:51 ,https://www.energytrend.com/pricequotes/20140303-6287.html,20.009,,
2014-03-08 11:15 ,https://www.energytrend.com/pricequotes/20140308-6326.html,none,,
2014-03-17 9:20 ,https://www.energytrend.com/pricequotes/20140317-6367.html,20.175,,
2014-03-24 18:28 ,https://www.energytrend.com/pricequotes/20140324-6408.html,20.489,,
2014-03-29 12:16 ,https://www.energytrend.com/pricequotes/20140329-6462.html,20.454,,
2014-04-03 18:11 ,https://www.energytrend.com/pricequotes/20140403-6493.html,none,,
2014-04-10 16:16 ,https://www.energytrend.com/pricequotes/20140410-6528.html,20.392,,
2014-04-17 17:35 ,https://www.energytrend.com/pricequotes/20140417-6575.html,20.35,,
2014-04-25 18:11 ,https://www.energytrend.com/pricequotes/20140425-6614.html,none,,
2014-05-02 18:57 ,https://www.energytrend.com/pricequotes/20140502-6650.html,20.324,,
2014-05-08 17:23 ,https://www.energytrend.com/pricequotes/20140508-6695.html,20.357,,
2014-05-15 18:00 ,https://www.energytrend.com/pricequotes/20140515-6739.html,none,,
2014-05-28 14:56 ,https://www.energytrend.com/pricequotes/20140528-6800.html,none,,
2014-05-30 18:16 ,https://www.energytrend.com/pricequotes/20140530-6820.html,20.364,,
2014-06-06 9:13 ,https://www.energytrend.com/pricequotes/20140606-6846.html,none,,
2014-06-13 11:53 ,https://www.energytrend.com/pricequotes/20140613-6888.html,20.426,,
2014-06-20 9:44 ,https://www.energytrend.com/pricequotes/20140620-6928.html,none,,
2014-06-26 20:13 ,https://www.energytrend.com/pricequotes/20140626-6972.html,none,,
2014-07-04 14:07 ,https://www.energytrend.com/pricequotes/20140704-7016.html,none,,
2014-07-11 10:46 ,https://www.energytrend.com/pricequotes/20140711-7054.html,20.411,,
2014-07-18 10:51 ,https://www.energytrend.com/pricequotes/20140718-7090.html,none,,
2014-07-25 18:07 ,https://www.energytrend.com/pricequotes/20140725-7128.html,none,,
2014-07-31 9:12 ,https://www.energytrend.com/pricequotes/20140731-7154.html,none,,
2014-08-08 9:17 ,https://www.energytrend.com/pricequotes/20140808-7204.html,20.417,,
2014-08-14 17:38 ,https://www.energytrend.com/pricequotes/20140814-7240.html,20.399,,
2014-08-22 9:15 ,https://www.energytrend.com/pricequotes/20140822-7284.html,20.251,,
2014-08-29 9:39 ,https://www.energytrend.com/pricequotes/20140829-7337.html,none,,
2014-09-05 10:48 ,https://www.energytrend.com/pricequotes/20140905-7371.html,20,,
2014-09-12 10:47 ,https://www.energytrend.com/pricequotes/20140912-7407.html,20.34,,
2014-09-19 14:08 ,https://www.energytrend.com/pricequotes/20140919-7448.html,20.34,,
2014-09-26 9:46 ,https://www.energytrend.com/pricequotes/20140926-7484.html,20.34,,
2014-10-03 14:20 ,https://www.energytrend.com/pricequotes/20141003-7527.html,20.4,,
2014-10-09 10:19 ,https://www.energytrend.com/pricequotes/20141009-7552.html,20.4,,
2014-10-17 10:10 ,https://www.energytrend.com/pricequotes/20141017-7601.html,20.7,,
2014-10-27 17:57 ,https://www.energytrend.com/pricequotes/20141027-7645.html,none,,
2014-10-31 16:10 ,https://www.energytrend.com/pricequotes/20141031-7679.html,20.7,,
2014-11-07 14:40 ,https://www.energytrend.com/pricequotes/20141107-7711.html,20.7,,
2014-11-14 10:16 ,https://www.energytrend.com/pricequotes/20141114-7752.html,none,,
2014-11-20 16:38 ,https://www.energytrend.com/pricequotes/20141120-7792.html,none,,
2014-12-05 18:12 ,https://www.energytrend.com/pricequotes/20141205-7881.html,20.7,,
2014-12-12 17:25 ,https://www.energytrend.com/pricequotes/20141212-7933.html,20.2,,
2014-12-19 14:59 ,https://www.energytrend.com/pricequotes/20141219-7965.html,20.1,,
2014-12-26 9:42 ,https://www.energytrend.com/pricequotes/20141226-7999.html,19.8,,
2015-01-08 17:59 ,https://www.energytrend.com/pricequotes/20150108-8058.html,none,,
2015-01-12 18:29 ,https://www.energytrend.com/pricequotes/20150112-8075.html,none,,
2015-01-16 18:01 ,https://www.energytrend.com/pricequotes/20150116-8114.html,19.5,,
2015-01-22 16:49 ,https://www.energytrend.com/pricequotes/20150122-8145.html,19.4,,
2015-01-30 16:51 ,https://www.energytrend.com/pricequotes/20150130-8195.html,19.4,,
2015-02-05 16:29 ,https://www.energytrend.com/pricequotes/20150205-8230.html,19.3,,
2015-02-13 11:31 ,https://www.energytrend.com/pricequotes/20150213-8283.html,19,,
2015-03-06 14:16 ,https://www.energytrend.com/pricequotes/20150306-8353.html,none,,
2015-03-09 18:23 ,https://www.energytrend.com/pricequotes/20150309-8365.html,none,,
2015-03-12 18:01 ,https://www.energytrend.com/pricequotes/20150312-8400.html,18.7,,
2015-03-20 14:26 ,https://www.energytrend.com/pricequotes/20150320-8439.html,none,,
2015-03-27 16:36 ,https://www.energytrend.com/pricequotes/20150327-8481.html,17,,
2015-04-02 23:02 ,https://www.energytrend.com/pricequotes/20150402-8524.html,16.9,,
2015-04-09 22:46 ,https://www.energytrend.com/pricequotes/20150409-8549.html,16.7,,
2015-04-16 17:48 ,https://www.energytrend.com/pricequotes/20150416-8594.html,16.6,,
2015-04-23 18:00 ,https://www.energytrend.com/pricequotes/20150423-8639.html,16.4,,
2015-05-07 18:07 ,https://www.energytrend.com/pricequotes/20150507-8730.html,16.1,,
2015-05-14 17:29 ,https://www.energytrend.com/pricequotes/20150514-8769.html,none,,
2015-05-22 18:06 ,https://www.energytrend.com/pricequotes/20150522-8815.html,16,,
2015-05-28 17:58 ,https://www.energytrend.com/pricequotes/20150528-8844.html,15.8,,
2015-06-04 17:57 ,https://www.energytrend.com/pricequotes/20150604-8886.html,15.6,,
2015-06-10 9:45 ,https://www.energytrend.com/pricequotes/20150610-8912.html,none,,
2015-06-12 18:00 ,https://www.energytrend.com/pricequotes/20150612-8938.html,15.5,,
2015-06-18 18:00 ,https://www.energytrend.com/pricequotes/20150618-8970.html,none,,
2015-07-03 18:07 ,https://www.energytrend.com/pricequotes/20150703-9044.html,none,,
2015-07-03 18:27 ,https://www.energytrend.com/pricequotes/20150703-9045.html,15.7,,
2015-07-17 18:30 ,https://www.energytrend.com/pricequotes/20150717-9126.html,16.1,,
2015-07-25 0:33 ,https://www.energytrend.com/pricequotes/20150725-9170.html,16.1,,
2015-07-31 17:24 ,https://www.energytrend.com/pricequotes/20150731-9198.html,16.1,,
2015-08-06 16:35 ,https://www.energytrend.com/pricequotes/20150806-9229.html,16.1,,
2015-08-14 17:38 ,https://www.energytrend.com/pricequotes/20150814-9279.html,16.1,,
2015-08-21 18:31 ,https://www.energytrend.com/pricequotes/20150821-9319.html,16.1,,
2015-08-27 15:00 ,https://www.energytrend.com/pricequotes/20150827-9337.html,16.1,,
2015-09-03 17:51 ,https://www.energytrend.com/pricequotes/20150903-9370.html,16.1,,
2015-09-11 14:50 ,https://www.energytrend.com/pricequotes/20150911-9407.html,16.1,,
2015-09-17 0:18 ,https://www.energytrend.com/pricequotes/20150917-9446.html,none,,
2015-09-25 18:47 ,https://www.energytrend.com/pricequotes/20150925-9501.html,none,,
2015-10-02 23:16 ,https://www.energytrend.com/pricequotes/20151002-9520.html,none,,
2015-10-08 22:36 ,https://www.energytrend.com/pricequotes/20151008-9541.html,none,,
2015-10-22 18:17 ,https://www.energytrend.com/pricequotes/20151022-9597.html,none,,
2015-10-31 22:46 ,https://www.energytrend.com/pricequotes/20151031-9647.html,16.1,,
2015-11-06 18:38 ,https://www.energytrend.com/pricequotes/20151106-9684.html,none,,
2015-11-13 18:30 ,https://www.energytrend.com/pricequotes/20151113-9727.html,none,,
2015-11-20 18:32 ,https://www.energytrend.com/pricequotes/20151120-9782.html,14.5,,extrapolated
2015-11-26 17:37 ,https://www.energytrend.com/pricequotes/20151126-9811.html,none,,
2015-12-04 18:27 ,https://www.energytrend.com/pricequotes/20151204-9869.html,13,,
2015-12-11 17:42 ,https://www.energytrend.com/pricequotes/20151211-9924.html,12.5,,
2015-12-18 16:32 ,https://www.energytrend.com/pricequotes/20151218-9962.html,12.5,,
2015-12-31 17:21 ,https://www.energytrend.com/pricequotes/20151231-9999.html,11,,
2016-01-07 19:02 ,https://www.energytrend.com/pricequotes/20160107-10026.html,none,,
2016-01-15 18:03 ,https://www.energytrend.com/pricequotes/20160115-10073.html,12.25,,extrapolated
2016-01-29 0:17 ,https://www.energytrend.com/pricequotes/20160129-10135.html,none,,
2016-02-19 18:42 ,https://www.energytrend.com/pricequotes/20160219-10213.html,13.5,,extrapolated
2016-03-09 17:58 ,https://www.energytrend.com/pricequotes/20160309-10273.html,none,,
2016-03-11 12:18 ,https://www.energytrend.com/pricequotes/20160311-10281.html,14.75,,extrapolated
2016-03-11 12:20 ,https://www.energytrend.com/pricequotes/20160311-10282.html,none,,
2016-04-01 18:39 ,https://www.energytrend.com/pricequotes/20160401-10349.html,16,,
2016-04-08 18:12 ,https://www.energytrend.com/pricequotes/20160408-10373.html,16.5,,
2016-04-15 19:01 ,https://www.energytrend.com/pricequotes/20160415-10407.html,16.5,,
2016-04-21 18:40 ,https://www.energytrend.com/pricequotes/20160421-10436.html,16.8,,
2016-04-28 18:00 ,https://www.energytrend.com/pricequotes/20160428-10469.html,17,,
2016-05-05 17:23 ,https://www.energytrend.com/pricequotes/20160505-10498.html,18.3,,
2016-05-13 15:58 ,https://www.energytrend.com/pricequotes/20160513-10539.html,18.3,,
2016-05-19 18:59 ,https://www.energytrend.com/pricequotes/20160519-10562.html,18.3,,
2016-05-19 19:07 ,https://www.energytrend.com/pricequotes/20160519-10563.html,18.3,,
2016-05-27 15:30 ,https://www.energytrend.com/pricequotes/20160527-10610.html,18.3,,
2016-06-03 18:14 ,https://www.energytrend.com/pricequotes/20160603-10606.html,18.8,,
2016-06-08 17:13 ,https://www.energytrend.com/pricequotes/20160608-10625.html,18.8,,
2016-06-23 19:03 ,https://www.energytrend.com/pricequotes/20160623-10674.html,18.8,,
2016-07-01 18:43 ,https://www.energytrend.com/pricequotes/20160701-10716.html,18.8,,
2016-07-08 22:35 ,https://www.energytrend.com/pricequotes/20160708-10742.html,18.8,,
2016-07-21 11:23 ,https://www.energytrend.com/pricequotes/20160721-10789.html,18.8,,
2016-07-28 16:02 ,https://www.energytrend.com/pricequotes/20160728-10809.html,18.8,,
2016-08-04 15:43 ,https://www.energytrend.com/pricequotes/20160804-10843.html,18.8,,
2016-08-12 12:23 ,https://www.energytrend.com/pricequotes/20160812-10870.html,18.8,,
2016-08-21 20:11 ,https://www.energytrend.com/pricequotes/20160821-10896.html,18.1,,
2016-08-26 17:33 ,https://www.energytrend.com/pricequotes/20160826-10916.html,none,,
2016-09-01 18:08 ,https://www.energytrend.com/pricequotes/20160901-10938.html,17.4,,extrapolated
2016-09-09 17:43 ,https://www.energytrend.com/pricequotes/20160909-10968.html,none,,
2016-09-23 1:29 ,https://www.energytrend.com/pricequotes/20160923-11017.html,none,,
2016-10-06 18:10 ,https://www.energytrend.com/pricequotes/20161006-11060.html,16.7,,extrapolated
2016-10-14 16:59 ,https://www.energytrend.com/pricequotes/20161014-11068.html,none,,
2016-10-21 18:38 ,https://www.energytrend.com/pricequotes/20161021-11088.html,16,,extrapolated
2016-10-27 16:10 ,https://www.energytrend.com/pricequotes/20161027-11109.html,none,,
2016-11-04 14:51 ,https://www.energytrend.com/pricequotes/20161104-11142.html,none,,
2016-11-10 11:42 ,https://www.energytrend.com/pricequotes/20161110-11159.html,15.3,,extrapolated
2016-11-17 9:36 ,https://www.energytrend.com/pricequotes/20161117-11185.html,none,,
2016-11-24 15:31 ,https://www.energytrend.com/pricequotes/20161124-11205.html,none,,
2016-12-01 11:23 ,https://www.energytrend.com/pricequotes/20161201-11225.html,none,,
2016-12-08 16:50 ,https://www.energytrend.com/pricequotes/20161208-11249.html,14.6,,extrapolated
2016-12-15 11:12 ,https://www.energytrend.com/pricequotes/20161215-11274.html,none,,
2016-12-22 16:53 ,https://www.energytrend.com/pricequotes/20161222-11301.html,none,,
2016-12-29 18:22 ,https://www.energytrend.com/pricequotes/20161229-11321.html,none,,
2017-01-05 15:33 ,https://www.energytrend.com/pricequotes/20170105-11332.html,,,
2017-01-12 14:40 ,https://www.energytrend.com/pricequotes/20170112-11359.html,13.9,,extrapolated
2017-01-19 19:39 ,https://www.energytrend.com/pricequotes/20170119-11378.html,,,
2017-01-26 13:07 ,https://www.energytrend.com/pricequotes/20170126-11409.html,,,
2017-02-09 13:22 ,https://www.energytrend.com/pricequotes/20170209-11440.html,,,
2017-02-16 16:18 ,https://www.energytrend.com/pricequotes/20170216-11461.html,none,,
2017-02-23 12:58 ,https://www.energytrend.com/pricequotes/20170223-11481.html,13.9,142,extrapolated
2017-03-02 14:41 ,https://www.energytrend.com/pricequotes/20170302-11494.html,none,,
2017-03-09 14:53 ,https://www.energytrend.com/pricequotes/20170309-11518.html,none,,
2017-03-16 16:08 ,https://www.energytrend.com/pricequotes/20170316-11538.html,,135,
2017-03-23 15:03 ,https://www.energytrend.com/pricequotes/20170323-11556.html,,138,
2017-03-30 16:02 ,https://www.energytrend.com/pricequotes/20170330-11580.html,12.9,130,extrapolated
2017-04-06 15:20 ,https://www.energytrend.com/pricequotes/20170406-11593.html,,112,
2017-04-13 16:33 ,https://www.energytrend.com/pricequotes/20170413-11619.html,13,,
2017-04-20 14:36 ,https://www.energytrend.com/pricequotes/20170420-11638.html,13.7,110,
2017-04-27 16:14 ,https://www.energytrend.com/pricequotes/20170427-11651.html,13.7,110,
2017-05-04 14:15 ,https://www.energytrend.com/pricequotes/20170504-11661.html,13.7,110,
2017-05-11 15:51 ,https://www.energytrend.com/pricequotes/20170511-11680.html,14.3,115,
2017-05-18 15:02 ,https://www.energytrend.com/pricequotes/20170518-11712.html,14.4,116,
2017-05-25 16:22 ,https://www.energytrend.com/pricequotes/20170525-11734.html,14.4,116,
2017-06-01 18:59 ,https://www.energytrend.com/pricequotes/20170601-11747.html,none,none,
2017-06-08 16:21 ,https://www.energytrend.com/pricequotes/20170608-11778.html,14.4,116,
2017-06-15 17:34 ,https://www.energytrend.com/pricequotes/20170615-11798.html,none,none,
2017-06-22 16:02 ,https://www.energytrend.com/pricequotes/20170622-11821.html,14.3,115,
2017-06-29 16:02 ,https://www.energytrend.com/pricequotes/20170629-11835.html,14.3,none,
2017-07-06 17:16 ,https://www.energytrend.com/pricequotes/20170706-11847.html,14.4,none,
2017-07-13 16:47 ,https://www.energytrend.com/pricequotes/20170713-11865.html,15,118,
2017-07-20 16:33 ,https://www.energytrend.com/pricequotes/20170720-11877.html,15.5,118,
2017-07-27 16:45 ,https://www.energytrend.com/pricequotes/20170727-11887.html,16,121,
2017-08-03 17:36 ,https://www.energytrend.com/pricequotes/20170803-11897.html,16.2,130,
2017-08-10 17:32 ,https://www.energytrend.com/pricequotes/20170810-11909.html,16.4,140,
2017-08-17 18:07 ,https://www.energytrend.com/pricequotes/20170817-11917.html,17,145,
2017-08-17 19:08 ,https://www.energytrend.com/pricequotes/20170817-11919.html,17,135,
2017-08-24 18:24 ,https://www.energytrend.com/pricequotes/20170824-11932.html,17,145,
2017-08-31 17:20 ,https://www.energytrend.com/pricequotes/20170831-11941.html,17,146,
2017-09-07 17:42 ,https://www.energytrend.com/pricequotes/20170907-11950.html,17,147,
2017-09-14 16:58 ,https://www.energytrend.com/pricequotes/20170914-11961.html,17,147,
2017-09-21 18:12 ,https://www.energytrend.com/pricequotes/20170921-11970.html,17.8,146,
2017-09-28 17:11 ,https://www.energytrend.com/pricequotes/20170928-11981.html,17.9,147,
2017-10-05 17:48 ,https://www.energytrend.com/pricequotes/20171005-11992.html,17,none,
2017-10-12 18:10 ,https://www.energytrend.com/pricequotes/20171012-11999.html,18,147,
2017-10-19 17:45 ,https://www.energytrend.com/pricequotes/20171019-12011.html,17.8,145,
2017-10-20 13:35 ,https://www.energytrend.com/pricequotes/20171020-12012.html,none,none,
2017-10-26 17:16 ,https://www.energytrend.com/pricequotes/20171026-12019.html,none,none,
2017-11-02 17:46 ,https://www.energytrend.com/pricequotes/20171102-12028.html,none,none,
2017-11-09 16:47 ,https://www.energytrend.com/pricequotes/20171109-12037.html,none,none,
2017-11-16 17:37 ,https://www.energytrend.com/pricequotes/20171116-12047.html,16.55,144,
2017-11-23 17:58 ,https://www.energytrend.com/pricequotes/20171123-12057.html,16.55,148,
2017-11-30 17:33 ,https://www.energytrend.com/pricequotes/20171130-12074.html,16.55,146,
2017-12-07 18:20 ,https://www.energytrend.com/pricequotes/20171207-12084.html,16.85,150,
2017-12-14 17:08 ,https://www.energytrend.com/pricequotes/20171214-12095.html,16.85,152,
2017-12-26 10:40 ,https://www.energytrend.com/pricequotes/20171226-12108.html,16.55,147,
2017-12-28 17:53 ,https://www.energytrend.com/pricequotes/20171228-12115.html,none,none,
2018-01-04 16:15 ,https://www.energytrend.com/pricequotes/20180104-12124.html,16.9,153,
2018-01-16 18:06 ,https://www.energytrend.com/pricequotes/20180116-12150.html,17,154,
2018-01-18 17:25 ,https://www.energytrend.com/pricequotes/20180118-12157.html,none,none,
2018-01-25 17:28 ,https://www.energytrend.com/pricequotes/20180125-12168.html,15.4,140,
2018-02-01 18:07 ,https://www.energytrend.com/pricequotes/20180201-12175.html,16,145,
2018-02-08 18:00 ,https://www.energytrend.com/pricequotes/20180208-12186.html,15.4,140,
2018-02-23 15:59 ,https://www.energytrend.com/pricequotes/20180223-12196.html,14.9,135,
2018-03-06 14:59 ,https://www.energytrend.com/pricequotes/20180306-12208.html,14.1,128,
2018-03-08 17:48 ,https://www.energytrend.com/pricequotes/20180308-12216.html,13.25,120,
2018-03-15 16:40 ,https://www.energytrend.com/pricequotes/20180315-12223.html,12.6,115,
2018-03-22 17:31 ,https://www.energytrend.com/pricequotes/20180322-12232.html,12.6,115,
2018-03-29 17:39 ,https://www.energytrend.com/pricequotes/20180329-12240.html,13.25,120,
2018-04-12 15:50 ,https://www.energytrend.com/pricequotes/20180412-12258.html,13.5,122,
2018-04-12 17:54 ,https://www.energytrend.com/pricequotes/20180412-12261.html,none,none,
2018-04-19 17:35 ,https://www.energytrend.com/pricequotes/20180419-12268.html,none,none,
2018-04-26 18:03 ,https://www.energytrend.com/pricequotes/20180426-12276.html,,130,
2018-05-03 16:44 ,https://www.energytrend.com/pricequotes/20180503-12283.html,13.5,123,
2018-05-10 17:49 ,https://www.energytrend.com/pricequotes/20180510-12292.html,,,
2018-05-17 17:51 ,https://www.energytrend.com/pricequotes/20180517-12302.html,,,
2018-05-24 18:00 ,https://www.energytrend.com/pricequotes/20180524-12312.html,,,
2018-05-31 17:57 ,https://www.energytrend.com/pricequotes/20180531-12319.html,,,
2018-06-07 17:17 ,https://www.energytrend.com/pricequotes/20180607-12327.html,none,none,
2018-06-14 18:13 ,https://www.energytrend.com/pricequotes/20180614-12340.html,13.5,85,
2018-06-21 16:19 ,https://www.energytrend.com/pricequotes/20180621-12349.html,13.5,85,
2018-06-28 17:46 ,https://www.energytrend.com/pricequotes/20180628-12361.html,13.5,75-90,
2018-07-05 17:00 ,https://www.energytrend.com/pricequotes/20180705-12375.html,13.5,78-90,
2018-07-12 17:59 ,https://www.energytrend.com/pricequotes/20180712-12384.html,11.5,80-85,
2018-07-19 17:04 ,https://www.energytrend.com/pricequotes/20180719-12392.html,11.5,80-85,
2018-07-26 16:43 ,https://www.energytrend.com/pricequotes/20180726-12399.html,10,80-90,
2018-08-02 16:46 ,https://www.energytrend.com/pricequotes/20180802-12408.html,10,80-90,
2018-08-09 17:00 ,https://www.energytrend.com/pricequotes/20180809-12417.html,10,83-90,
2018-08-16 16:59 ,https://www.energytrend.com/pricequotes/20180816-12430.html,10.3,83-90,
2018-08-23 17:04 ,https://www.energytrend.com/pricequotes/20180823-12438.html,11.9,83-90,
2018-08-30 16:57 ,https://www.energytrend.com/pricequotes/20180830-12447.html,11.9,83-92,
2018-09-06 17:00 ,https://www.energytrend.com/pricequotes/20180906-12453.html,11.5,83.92,
2018-09-13 17:02 ,https://www.energytrend.com/pricequotes/20180913-12467.html,11.5,90-95,
2018-09-20 16:37 ,https://www.energytrend.com/pricequotes/20180920-12481.html,11.5,90-95,
2018-09-27 17:07 ,https://www.energytrend.com/pricequotes/20180927-12492.html,11.5,87-90,
2018-10-04 14:12 ,https://www.energytrend.com/pricequotes/20181004-12503.html,10.9,,
2018-10-11 17:07 ,https://www.energytrend.com/pricequotes/20181011-12512.html,10.09,,
2018-10-18 16:57 ,https://www.energytrend.com/pricequotes/20181018-12521.html,9.87,75-82,
2018-10-25 17:07 ,https://www.energytrend.com/pricequotes/20181025-12527.html,9.8,77,
2018-11-01 17:21 ,https://www.energytrend.com/pricequotes/20181101-12535.html,9.8,76,
2018-11-08 16:56 ,https://www.energytrend.com/pricequotes/20181108-12542.html,9.75,76,
2018-11-15 17:14 ,https://www.energytrend.com/pricequotes/20181115-12643.html,9.5,75,
2018-11-22 16:34 ,https://www.energytrend.com/pricequotes/20181122-12702.html,9.54,73-80,
2018-11-29 17:09 ,https://www.energytrend.com/pricequotes/20181129-12737.html,9.35,80-82,
2018-12-06 16:56 ,https://www.energytrend.com/pricequotes/20181206-12794.html,9.35,72-78,
2018-12-13 15:00 ,https://www.energytrend.com/pricequotes/20181213-12835.html,9.35,72-78,
2018-12-20 17:03 ,https://www.energytrend.com/pricequotes/20181220-12882.html,9.35,76,
2018-12-27 16:50 ,https://www.energytrend.com/pricequotes/20181227-12929.html,8.95,71-79,
2019-01-03 15:50 ,https://www.energytrend.com/pricequotes/20190103-12981.html,8.85,72-76,
2019-01-10 16:58 ,https://www.energytrend.com/pricequotes/20190110-13059.html,8.85,79,
2019-01-17 16:31 ,https://www.energytrend.com/pricequotes/20190117-13098.html,8.85,,
2019-01-24 16:21 ,https://www.energytrend.com/pricequotes/20190124-13265.html,8.85,,
2019-01-31 16:49 ,https://www.energytrend.com/pricequotes/20190131-13309.html,8.85,71-74,
2019-02-14 16:55 ,https://www.energytrend.com/pricequotes/20190214-13356.html,8.85,74,
2019-02-21 16:55 ,https://www.energytrend.com/pricequotes/20190221-13396.html,8.85,,
2019-03-07 16:50 ,https://www.energytrend.com/pricequotes/20190307-13440.html,8.85,73-80,
2019-03-14 17:06 ,https://www.energytrend.com/pricequotes/20190314-13519.html,8.85,68-72,
2019-03-21 16:56 ,https://www.energytrend.com/pricequotes/20190321-13596.html,9.85,80,
2019-03-28 17:07 ,https://www.energytrend.com/pricequotes/20190328-13637.html,10.01,68,
2019-04-11 16:48 ,https://www.energytrend.com/pricequotes/20190411-13710.html,9.9,63,
2019-04-18 16:56 ,https://www.energytrend.com/pricequotes/20190418-13765.html,9.79,75,
2019-04-25 16:16 ,https://www.energytrend.com/pricequotes/20190425-13790.html,9.78,,
2019-05-02 17:09 ,https://www.energytrend.com/pricequotes/20190502-13821.html,9.415,,
2019-05-09 16:54 ,https://www.energytrend.com/pricequotes/20190509-13876.html,9.59,,
2019-05-16 16:38 ,https://www.energytrend.com/pricequotes/20190516-13929.html,9.45,,
2019-05-23 16:20 ,https://www.energytrend.com/pricequotes/20190523-13961.html,9.43,,
2019-05-30 17:08 ,https://www.energytrend.com/pricequotes/20190530-14035.html,9.43,,
2019-06-06 16:58 ,https://www.energytrend.com/pricequotes/20190606-14100.html,9.53,,
2019-06-13 17:10 ,https://www.energytrend.com/pricequotes/20190613-14186.html,9.67,,
2019-06-20 17:12 ,https://www.energytrend.com/pricequotes/20190620-14222.html,9.43,,
2019-06-27 17:14 ,https://www.energytrend.com/pricequotes/20190627-14276.html,9.43,,
2019-07-04 17:08 ,https://www.energytrend.com/pricequotes/20190704-14328.html,9.44,,
2019-07-11 16:58 ,https://www.energytrend.com/pricequotes/20190711-14509.html,9.68,,
2019-07-18 17:27 ,https://www.energytrend.com/pricequotes/20190718-14576.html,9.39,,
2019-07-25 17:22 ,https://www.energytrend.com/pricequotes/20190725-14695.html,9.66,,
2019-08-01 17:11 ,https://www.energytrend.com/pricequotes/20190801-14817.html,9.24,,
2019-08-06 9:38 ,https://www.energytrend.com/pricequotes/20190806-14823.html,9.24,,
2019-08-12 10:17 ,https://www.energytrend.com/pricequotes/20190812-14925.html,9.21,,
2019-08-15 16:29 ,https://www.energytrend.com/pricequotes/20190815-14966.html,9.14,,
2019-08-22 15:50 ,https://www.energytrend.com/pricequotes/20190822-15006.html,9.12,,
2019-08-29 16:30 ,https://www.energytrend.com/pricequotes/20190829-15103.html,8.96,,
2019-09-05 17:07 ,https://www.energytrend.com/pricequotes/20190905-15147.html,8.91,,
2019-09-12 16:50 ,https://www.energytrend.com/pricequotes/20190912-15210.html,8.94,,
2019-09-19 17:12 ,https://www.energytrend.com/pricequotes/20190919-15266.html,9.05,,
2019-09-26 16:46 ,https://www.energytrend.com/pricequotes/20190926-15324.html,9.12,,
2019-10-17 16:27 ,https://www.energytrend.com/pricequotes/20191017-15487.html,9.12,,
2019-10-24 17:02 ,https://www.energytrend.com/pricequotes/20191024-15555.html,9.12,,
2019-10-31 17:17 ,https://www.energytrend.com/pricequotes/20191031-15592.html,9.15,,
2019-11-07 16:00 ,https://www.energytrend.com/pricequotes/20191107-15625.html,9.16,,
2019-11-14 17:29 ,https://www.energytrend.com/pricequotes/20191114-15679.html,9.13,,
2019-11-21 17:21 ,https://www.energytrend.com/pricequotes/20191121-15736.html,9.05,,
2019-11-28 16:59 ,https://www.energytrend.com/pricequotes/20191128-15780.html,8.78,,
2019-12-05 16:45 ,https://www.energytrend.com/pricequotes/20191205-15840.html,8.62,,
2019-12-12 16:17 ,https://www.energytrend.com/pricequotes/20191212-15929.html,8.54,,
2019-12-19 16:12 ,https://www.energytrend.com/pricequotes/20191219-16003.html,8.72,,
2019-12-26 17:07 ,https://www.energytrend.com/pricequotes/20191226-16055.html,8.48,,
2020-01-02 17:02 ,https://www.energytrend.com/pricequotes/20200102-16089.html,8.65,,
2020-01-08 21:00 ,https://www.energytrend.com/pricequotes/20200108-16135.html,8.539,,
2020-01-09 17:19 ,https://www.energytrend.com/pricequotes/20200109-16142.html,8.67,,
2020-01-16 16:57 ,https://www.energytrend.com/pricequotes/20200116-16220.html,8.75,,
2020-02-06 16:45 ,https://www.energytrend.com/pricequotes/20200206-16306.html,8.64,,
2020-02-13 17:00 ,https://www.energytrend.com/pricequotes/20200213-16371.html,8.65,,
2020-02-20 16:41 ,https://www.energytrend.com/pricequotes/20200220-16437.html,8.81,,
2020-02-27 17:41 ,https://www.energytrend.com/pricequotes/20200227-16494.html,8.71,,
2020-03-05 17:13 ,https://www.energytrend.com/pricequotes/20200305-16532.html,8.83,,
2020-03-12 17:40 ,https://www.energytrend.com/pricequotes/20200312-16603.html,8.82,,
2020-03-19 17:15 ,https://www.energytrend.com/pricequotes/20200319-16676.html,8.73,,
2020-03-26 17:27 ,https://www.energytrend.com/pricequotes/20200326-16750.html,8.68,,
2020-04-09 16:30 ,https://www.energytrend.com/pricequotes/20200409-16873.html,none,none,
2020-04-16 17:30 ,https://www.energytrend.com/pricequotes/20200416-17042.html,8.12,65-69,
2020-04-23 17:45 ,https://www.energytrend.com/pricequotes/20200423-17206.html,none,,
2020-04-30 18:30 ,https://www.energytrend.com/pricequotes/20200430-17368.html,none,,
2020-05-07 17:30 ,https://www.energytrend.com/pricequotes/20200507-17517.html,none,none,
2020-05-14 17:00 ,https://www.energytrend.com/pricequotes/20200514-17592.html,none,none,
2020-05-21 18:00 ,https://www.energytrend.com/pricequotes/20200521-17745.html,none,none,
2020-05-28 17:30 ,https://www.energytrend.com/pricequotes/20200528-17860.html,6.7,55,
2020-06-04 16:38 ,https://www.energytrend.com/pricequotes/20200604-17997.html,7.125,60,
2020-06-11 18:36 ,https://www.energytrend.com/pricequotes/20200611-18124.html,6.8,57,
2020-06-18 15:50 ,https://www.energytrend.com/pricequotes/20200618-18272.html,6.8,57,
2020-07-02 17:45 ,https://www.energytrend.com/pricequotes/20200702-18526.html,6.8,57,
2020-07-09 18:00 ,https://www.energytrend.com/pricequotes/20200709-18610.html,6.8,57,
2020-07-16 16:30 ,https://www.energytrend.com/pricequotes/20200716-18743.html,7.125,60,
2020-07-23 16:40 ,https://www.energytrend.com/pricequotes/20200723-18820.html,7.7,65,
2020-07-30 18:56 ,https://www.energytrend.com/pricequotes/20200730-18920.html,7.9,,
2020-08-06 16:33 ,https://www.energytrend.com/pricequotes/20200806-19057.html,8.6,,
2020-08-13 17:25 ,https://www.energytrend.com/pricequotes/20200813-19219.html,none,none,
2020-08-20 16:37 ,https://www.energytrend.com/pricequotes/20200820-19248.html,11,90-98,
2020-08-27 17:10 ,https://www.energytrend.com/pricequotes/20200827-19273.html,11,,
2020-09-04 9:36 ,https://www.energytrend.com/pricequotes/20200904-19305.html,11,101,
2020-09-09 17:30 ,https://www.energytrend.com/pricequotes/20200909-19333.html,11.1,95-105,
2020-09-16 17:00 ,https://www.energytrend.com/pricequotes/20200916-19394.html,12.42,,
2020-09-23 16:08 ,https://www.energytrend.com/pricequotes/20200923-19415.html,12.091,,
2020-09-30 18:00 ,https://www.energytrend.com/pricequotes/20200930-19477.html,11.695,,
2020-10-14 18:43 ,https://www.energytrend.com/pricequotes/20201014-19600.html,11.719,,
2020-10-21 18:00 ,https://www.energytrend.com/pricequotes/20201021-19671.html,11.476,,
2020-10-28 16:59 ,https://www.energytrend.com/pricequotes/20201028-19709.html,11.043,,
2020-11-04 17:14 ,https://www.energytrend.com/pricequotes/20201104-19743.html,11.096,,
2020-11-11 16:36 ,https://www.energytrend.com/pricequotes/20201111-19880.html,11.05,,
2020-11-19 16:53 ,https://www.energytrend.com/pricequotes/20201119-19975.html,10.874,,
2020-11-25 18:03 ,https://www.energytrend.com/pricequotes/20201125-20124.html,10.841,,
2020-12-02 18:12 ,https://www.energytrend.com/pricequotes/20201202-20169.html,10.588,,
2020-12-09 17:33 ,https://www.energytrend.com/pricequotes/20201209-20265.html,10.413,,
2020-12-16 17:06 ,https://www.energytrend.com/pricequotes/20201216-20293.html,10.408,,
2020-12-23 18:10 ,https://www.energytrend.com/pricequotes/20201223-20391.html,10.484,,
2020-12-31 9:15 ,https://www.energytrend.com/pricequotes/20201231-20485.html,10.689,,
2021-01-06 15:31 ,https://www.energytrend.com/pricequotes/20210106-20601.html,10.931,,
